用户编号,测试轮次,测试版本,测试日期,用户类型,当前报考阶段,是否参与过产品设计,设备类别,设备型号与系统,浏览器,网络环境,未开VPN确认,链接打开成功,首屏加载异常,首页10秒复述原话,10秒理解判定,双入口选择,入口选择理由原话,J1打开链接完成等级,J2理解产品完成等级,J3选择入口完成等级,J4提供资料完成等级,J5理解结果完成等级,J6比较机会完成等级,J7核对依据完成等级,J8推进行动完成等级,J9中断恢复完成等级,J10三天自然回访,首次有效点击秒,问答总耗时秒,总任务耗时秒,首次明显犹豫位置与原话,首次求助位置与原话,潜在放弃位置与原话,使用暂不提供,使用返回修改,阶段反馈是否阅读,阶段反馈是否推动继续,机会页10秒优先机会判断,岗位卡仍缺信息,依据复述原话,不确定项复述原话,预筛边界理解,官方保证误认,演示数据误认,关注或下一步动作,继续上次进度结果,最高严重度,主要问题1,主要问题2,主要问题3,最值得保留设计,意外发现,三天后是否重开,重开触发情境,未重开原因或替代方案,主持人,记录人,备注
P01,第一轮,,,,,否,,,,,是,,,,,,,,,,,,,,,,,,,,,,,,,,,,,,,,,,,,,,,,,,,,,,,
P02,第一轮,,,,,否,,,,,是,,,,,,,,,,,,,,,,,,,,,,,,,,,,,,,,,,,,,,,,,,,,,,,
P03,第一轮,,,,,否,,,,,是,,,,,,,,,,,,,,,,,,,,,,,,,,,,,,,,,,,,,,,,,,,,,,,
P04,第一轮,,,,,否,,,,,是,,,,,,,,,,,,,,,,,,,,,,,,,,,,,,,,,,,,,,,,,,,,,,,
P05,第一轮,,,,,否,,,,,是,,,,,,,,,,,,,,,,,,,,,,,,,,,,,,,,,,,,,,,,,,,,,,,
P06,第二轮,,,,,否,,,,,是,,,,,,,,,,,,,,,,,,,,,,,,,,,,,,,,,,,,,,,,,,,,,,,
P07,第二轮,,,,,否,,,,,是,,,,,,,,,,,,,,,,,,,,,,,,,,,,,,,,,,,,,,,,,,,,,,,
P08,第二轮,,,,,否,,,,,是,,,,,,,,,,,,,,,,,,,,,,,,,,,,,,,,,,,,,,,,,,,,,,,
P09,第二轮,,,,,否,,,,,是,,,,,,,,,,,,,,,,,,,,,,,,,,,,,,,,,,,,,,,,,,,,,,,
P10,第二轮,,,,,否,,,,,是,,,,,,,,,,,,,,,,,,,,,,,,,,,,,,,,,,,,,,,,,,,,,,,
